SET DEFINE OFF;

-- INSERT INTO: USERS (SUPERCLASS)
-- ===============================
INSERT INTO Users VALUES ('U001', 'admin1@yrep.com', 'Ahmad Zulkarnain', '012-3456789', TO_DATE('2022-01-10', 'YYYY-MM-DD'), '12 Jalan Seri Putra, KL', TO_DATE('1985-03-21', 'YYYY-MM-DD'), 'Male', 'Malaysian', 'Active');
INSERT INTO Users VALUES ('U002', 'admin2@yrep.com', 'Nor Afiqah Razak', '013-4567890', TO_DATE('2022-02-05', 'YYYY-MM-DD'), '45 Taman Mewah, Johor', TO_DATE('1987-07-15', 'YYYY-MM-DD'), 'Female', 'Malaysian', 'Active');
INSERT INTO Users VALUES ('U003', 'admin3@yrep.com', 'Lim Wei Jian', '014-5678901', TO_DATE('2022-03-11', 'YYYY-MM-DD'), '78 Jalan Sentosa, Penang', TO_DATE('1990-11-30', 'YYYY-MM-DD'), 'Male', 'Malaysian', 'Active');
INSERT INTO Users VALUES ('U004', 'admin4@yrep.com', 'Siti Nurul Ain', '015-6789012', TO_DATE('2022-04-01', 'YYYY-MM-DD'), '9 Persiaran Rimba, Perak', TO_DATE('1988-09-12', 'YYYY-MM-DD'), 'Female', 'Malaysian', 'Active');
INSERT INTO Users VALUES ('U005', 'admin5@yrep.com', 'Mohd Hafizuddin', '016-7890123', TO_DATE('2022-05-17', 'YYYY-MM-DD'), '32 Taman Damai, Kedah', TO_DATE('1989-12-25', 'YYYY-MM-DD'), 'Male', 'Malaysian', 'Active');
INSERT INTO Users VALUES ('U006', 'admin6@yrep.com', 'Roslan Ahmad', '017-8901234', TO_DATE('2022-06-20', 'YYYY-MM-DD'), '77 Jalan Ampang, KL', TO_DATE('1991-02-14', 'YYYY-MM-DD'), 'Male', 'Malaysian', 'Active');
INSERT INTO Users VALUES ('U007', 'admin7@yrep.com', 'Hamidah Karim', '018-9012345', TO_DATE('2022-07-25', 'YYYY-MM-DD'), '20 Jalan Merdeka, Selangor', TO_DATE('1986-10-05', 'YYYY-MM-DD'), 'Female', 'Malaysian', 'Active');
INSERT INTO Users VALUES ('U008', 'admin8@yrep.com', 'Kelvin Ong', '019-0123456', TO_DATE('2022-08-30', 'YYYY-MM-DD'), '55 Taman Megah, Melaka', TO_DATE('1982-06-18', 'YYYY-MM-DD'), 'Male', 'Malaysian', 'Active');
INSERT INTO Users VALUES ('U009', 'admin9@yrep.com', 'Faridah Noor', '011-1234567', TO_DATE('2022-09-12', 'YYYY-MM-DD'), '101 Jalan Tun Razak, Perlis', TO_DATE('1983-05-30', 'YYYY-MM-DD'), 'Female', 'Malaysian', 'Active');
INSERT INTO Users VALUES ('U010', 'admin10@yrep.com', 'Aiman Syahmi', '012-2345678', TO_DATE('2022-10-11', 'YYYY-MM-DD'), '33 Jalan Bahagia, Negeri Sembilan', TO_DATE('1994-07-22', 'YYYY-MM-DD'), 'Male', 'Malaysian', 'Active');
INSERT INTO Users VALUES ('U011', 'rider1@yrep.com', 'Nurul Huda Bakar', '017-4567890', TO_DATE('2023-01-15', 'YYYY-MM-DD'), '80 Jalan Permai, Selangor', TO_DATE('1995-01-01', 'YYYY-MM-DD'), 'Female', 'Malaysian', 'Active');
INSERT INTO Users VALUES ('U012', 'rider2@yrep.com', 'Syafiq Zamri', '018-5678901', TO_DATE('2022-09-22', 'YYYY-MM-DD'), '15 Taman Bukit, Melaka', TO_DATE('1992-06-10', 'YYYY-MM-DD'), 'Male', 'Malaysian', 'Active');
INSERT INTO Users VALUES ('U013', 'rider3@yrep.com', 'Tan Mei Ling', '019-6789012', TO_DATE('2024-02-11', 'YYYY-MM-DD'), '3 Jalan Aman, Negeri Sembilan', TO_DATE('1994-03-05', 'YYYY-MM-DD'), 'Female', 'Malaysian', 'Active');
INSERT INTO Users VALUES ('U014', 'rider4@yrep.com', 'Faizal Rahman', '010-7890123', TO_DATE('2021-05-30', 'YYYY-MM-DD'), '22 Jalan Kenari, Terengganu', TO_DATE('1986-08-20', 'YYYY-MM-DD'), 'Male', 'Malaysian', 'Active');
INSERT INTO Users VALUES ('U015', 'rider5@yrep.com', 'Aina Sofea Ismail', '011-8901234', TO_DATE('2023-07-01', 'YYYY-MM-DD'), '66 Taman Mawar, Pahang', TO_DATE('1993-04-17', 'YYYY-MM-DD'), 'Female', 'Malaysian', 'Active');
INSERT INTO Users VALUES ('U016', 'rider6@yrep.com', 'Wong Kai Lun', '012-9012345', TO_DATE('2022-03-18', 'YYYY-MM-DD'), '8 Jalan Palma, Kedah', TO_DATE('1991-11-11', 'YYYY-MM-DD'), 'Male', 'Malaysian', 'Active');
INSERT INTO Users VALUES ('U017', 'rider7@yrep.com', 'Nor Iman Rosli', '013-0123456', TO_DATE('2021-11-05', 'YYYY-MM-DD'), '99 Jalan Gombak, KL', TO_DATE('1987-12-09', 'YYYY-MM-DD'), 'Male', 'Malaysian', 'Active');
INSERT INTO Users VALUES ('U018', 'rider8@yrep.com', 'Sharifah Amalina', '014-1234567', TO_DATE('2024-08-21', 'YYYY-MM-DD'), '24 Jalan Cempaka, Penang', TO_DATE('1996-04-02', 'YYYY-MM-DD'), 'Female', 'Malaysian', 'Active');
INSERT INTO Users VALUES ('U019', 'rider9@yrep.com', 'Zulkifli Hassan', '015-2345678', TO_DATE('2022-12-12', 'YYYY-MM-DD'), '48 Jalan Jati, Sarawak', TO_DATE('1993-08-18', 'YYYY-MM-DD'), 'Male', 'Malaysian', 'Active');
INSERT INTO Users VALUES ('U020', 'rider10@yrep.com', 'Hafizah Sulaiman', '016-3456789', TO_DATE('2023-03-03', 'YYYY-MM-DD'), '19 Jalan Damai, Sabah', TO_DATE('1992-10-30', 'YYYY-MM-DD'), 'Female', 'Malaysian', 'Active');

-- INSERT INTO: ADMIN
-- ===================
INSERT INTO Admin VALUES ('ADM001', 'ST001', 'Manager', 'Operations', 'High', 'Central', 'Yes', 'Morning', 120, 8.5, 'U001');
INSERT INTO Admin VALUES ('ADM002', 'ST002', 'Coordinator', 'Events', 'Medium', 'North', 'Yes', 'Evening', 85, 7.0, 'U002');
INSERT INTO Admin VALUES ('ADM003', 'ST003', 'Technician', 'IT Support', 'Low', 'South', 'No', 'Night', 34, 9.0, 'U003');
INSERT INTO Admin VALUES ('ADM004', 'ST004', 'Supervisor', 'Logistics', 'High', 'East', 'Yes', 'Morning', 142, 8.0, 'U004');
INSERT INTO Admin VALUES ('ADM005', 'ST005', 'Analyst', 'Data', 'Medium', 'West', 'Yes', 'Evening', 76, 7.5, 'U005');
INSERT INTO Admin VALUES ('ADM006', 'ST006', 'Assistant', 'HR', 'Low', 'Central', 'Yes', 'Morning', 54, 8.0, 'U006');
INSERT INTO Admin VALUES ('ADM007', 'ST007', 'Executive', 'Admin', 'Medium', 'North', 'No', 'Evening', 101, 8.0, 'U007');
INSERT INTO Admin VALUES ('ADM008', 'ST008', 'Director', 'Management', 'High', 'HQ', 'Yes', 'Morning', 200, 9.5, 'U008');
INSERT INTO Admin VALUES ('ADM009', 'ST009', 'Developer', 'IT', 'High', 'South', 'Yes', 'Night', 89, 8.0, 'U009');
INSERT INTO Admin VALUES ('ADM010', 'ST010', 'Intern', 'Admin', 'Low', 'HQ', 'Yes', 'Morning', 12, 6.0, 'U010');

-- INSERT INTO: RIDER
-- ===================
INSERT INTO Rider VALUES ('RID001', '900101-01-1234', 'B2', 5, '012-3456789', 150, 3, 1250.54, TO_DATE('2023-01-15', 'YYYY-MM-DD'), 2, 'U011');
INSERT INTO Rider VALUES ('RID002', '890202-02-2345', 'B', 8, '013-2345678', 280, 5, 2300.75, TO_DATE('2022-09-22', 'YYYY-MM-DD'), 5, 'U012');
INSERT INTO Rider VALUES ('RID003', '880303-03-3456', 'B2', 3, '014-3456789', 75, 2, 780.28, TO_DATE('2024-02-11', 'YYYY-MM-DD'), 1, 'U013');
INSERT INTO Rider VALUES ('RID004', '950404-04-4567', 'B', 12, '011-4567890', 320, 6, 3200.94, TO_DATE('2021-05-30', 'YYYY-MM-DD'), 7, 'U014');
INSERT INTO Rider VALUES ('RID005', '920505-05-5678', 'B2', 6, '010-5678901', 190, 4, 1800.39, TO_DATE('2023-07-01', 'YYYY-MM-DD'), 3, 'U015');
INSERT INTO Rider VALUES ('RID006', '910606-06-6789', 'B', 9, '019-6789012', 250, 5, 2100.02, TO_DATE('2022-03-18', 'YYYY-MM-DD'), 4, 'U016');
INSERT INTO Rider VALUES ('RID007', '870707-07-7890', 'B', 10, '018-7890123', 300, 6, 2950.86, TO_DATE('2021-11-05', 'YYYY-MM-DD'), 6, 'U017');
INSERT INTO Rider VALUES ('RID008', '930808-08-8901', 'B2', 2, '017-8901234', 60, 1, 520.66, TO_DATE('2024-08-21', 'YYYY-MM-DD'), 0, 'U018');
INSERT INTO Rider VALUES ('RID009', '860909-09-9012', 'B', 11, '016-9012345', 275, 5, 2600.48, TO_DATE('2022-12-12', 'YYYY-MM-DD'), 5, 'U019');
INSERT INTO Rider VALUES ('RID010', '940101-10-0123', 'B2', 4, '015-0123456', 120, 2, 1025.12, TO_DATE('2023-03-03', 'YYYY-MM-DD'), 2, 'U020');

-- INSERT INTO: SERVICE_CENTER
-- ============================
INSERT INTO Service_Center VALUES ('SC001', 'Yamaha Ampang', 'Ampang, Selangor', '0323456789', 'sc.ampang@yamaha.my', 30, '9am–6pm', 4.7, 'Full', 'Central', 'U001');
INSERT INTO Service_Center VALUES ('SC002', 'Yamaha Klang', 'Klang, Selangor', '0323467890', 'sc.klang@yamaha.my', 25, '9am–5pm', 4.5, 'Limited', 'Central', 'U002');
INSERT INTO Service_Center VALUES ('SC003', 'Yamaha Shah Alam', 'Shah Alam', '0334567891', 'sc.shahalam@yamaha.my', 40, '9am–6pm', 4.8, 'Full', 'Central', 'U003');
INSERT INTO Service_Center VALUES ('SC004', 'Yamaha JB', 'Johor Bahru', '0723456789', 'sc.jb@yamaha.my', 35, '8am–5pm', 4.6, 'Full', 'South', 'U004');
INSERT INTO Service_Center VALUES ('SC005', 'Yamaha Penang', 'George Town', '0423456789', 'sc.penang@yamaha.my', 20, '10am–6pm', 4.3, 'Limited', 'North', 'U005');
INSERT INTO Service_Center VALUES ('SC006', 'Yamaha Ipoh', 'Ipoh', '0523456789', 'sc.ipoh@yamaha.my', 28, '9am–6pm', 4.4, 'Full', 'North', 'U006');
INSERT INTO Service_Center VALUES ('SC007', 'Yamaha Melaka', 'Melaka', '0623456789', 'sc.melaka@yamaha.my', 22, '8am–4pm', 4.2, 'Full', 'South', 'U007');
INSERT INTO Service_Center VALUES ('SC008', 'Yamaha Seremban', 'Seremban', '0678901234', 'sc.seremban@yamaha.my', 30, '9am–6pm', 4.1, 'Full', 'South', 'U008');
INSERT INTO Service_Center VALUES ('SC009', 'Yamaha Kuantan', 'Kuantan', '0956781234', 'sc.kuantan@yamaha.my', 24, '8am–5pm', 4.0, 'Limited', 'East Coast', 'U009');
INSERT INTO Service_Center VALUES ('SC010', 'Yamaha Sabah', 'Kota Kinabalu', '0881234567', 'sc.sabah@yamaha.my', 18, '10am–6pm', 4.5, 'Full', 'East Malaysia', 'U010');

-- INSERT INTO: MOTORCYCLE
-- ========================
INSERT INTO Motorcycle VALUES ('M001', 'VBB1234', 'Yamaha Y15ZR', 150, 'JYA3CWE07RA123456', 'ENG789Y15', TO_DATE('2022-01-15', 'YYYY-MM-DD'), 'Active', 7890.75, 'New', 'RID001', 'SC001');
INSERT INTO Motorcycle VALUES ('M002', 'JJJ4321', 'Yamaha R25', 250, 'MLHJC5156N5200123', 'ENG456R25', TO_DATE('2022-02-20', 'YYYY-MM-DD'), 'Active', 150.00, 'New', 'RID002', 'SC002');
INSERT INTO Motorcycle VALUES ('M003', 'MMB8890', 'Yamaha MT-09', 847, 'ZDM1YBTS8MB003874', 'ENG123MT9', TO_DATE('2022-03-25', 'YYYY-MM-DD'), 'Pending', 3200.90, 'Used', 'RID003', 'SC003');
INSERT INTO Motorcycle VALUES ('M004', 'PPL7654', 'Yamaha NVX155', 155, 'ME4JC416XK8901342', 'ENG321NVX', TO_DATE('2022-04-30', 'YYYY-MM-DD'), 'Expired', 15345.80, 'Used', 'RID004', 'SC004');
INSERT INTO Motorcycle VALUES ('M005', 'WSS2200', 'Yamaha YZF-R15', 155, 'WB10D1205JZ394821', 'ENG654R15', TO_DATE('2022-05-10', 'YYYY-MM-DD'), 'Active', 24000.00, 'Used', 'RID005', 'SC005');
INSERT INTO Motorcycle VALUES ('M006', 'KKL1199', 'Yamaha Tracer 900', 847, 'JH2SC5908HK101237', 'ENG987TR9', TO_DATE('2022-06-18', 'YYYY-MM-DD'), 'Expired', 58789.90, 'Used', 'RID006', 'SC006');
INSERT INTO Motorcycle VALUES ('M007', 'BBA3344', 'Yamaha XMAX 250', 250, 'MD2A75AJ0MC045678', 'ENG321XM2', TO_DATE('2022-07-12', 'YYYY-MM-DD'), 'Expired', 24500.20, 'Used', 'RID007', 'SC007');
INSERT INTO Motorcycle VALUES ('M008', 'TTT5566', 'Yamaha FZ150i', 150, 'LALPCBBJ6P1009876', 'ENG741FZ1', TO_DATE('2022-08-22', 'YYYY-MM-DD'), 'Active', 840.00, 'Used', 'RID008', 'SC008');
INSERT INTO Motorcycle VALUES ('M009', 'NNB9988', 'Yamaha MT-15', 155, 'JS1VU51A5K2104431', 'ENG852MT5', TO_DATE('2022-09-30', 'YYYY-MM-DD'), 'Pending', 13400.10, 'Damaged', 'RID009', 'SC009');
INSERT INTO Motorcycle VALUES ('M010', 'ZZZ7878', 'Yamaha Aerox 155', 155, 'SMTTC96YXKT902743', 'ENG963AX5', TO_DATE('2022-10-05', 'YYYY-MM-DD'), 'Active', 73590.00, 'Damaged', 'RID010', 'SC010');

-- INSERT INTO: EVENT
-- ===================
INSERT INTO Event VALUES ('E001','National Ride Fest','Sepang Circuit', TO_DATE('2025-06-01','YYYY-MM-DD'), TO_DATE('09:00 AM','HH:MI AM'), 50.00,'National Meet',100,90,'Upcoming','U001');
INSERT INTO Event VALUES ('E002','Yamaha Expo','KLCC Convention Hall', TO_DATE('2025-07-15','YYYY-MM-DD'), TO_DATE('10:00 AM','HH:MI AM'),0.00,'Exhibition',300,270,'Upcoming','U002');
INSERT INTO Event VALUES ('E003','Borneo Bike Tour','Kota Kinabalu', TO_DATE('2025-08-05','YYYY-MM-DD'), TO_DATE('07:00 AM','HH:MI AM'), 200.50,'Touring',50,48,'Upcoming','U003');
INSERT INTO Event VALUES ('E004','Malaysia Merdeka Ride','Dataran Merdeka',TO_DATE('2025-08-31','YYYY-MM-DD'),TO_DATE('08:00 AM','HH:MI AM'),39.99,'Parade',200,190,'Upcoming','U004');
INSERT INTO Event VALUES ('E005','Street Style Contest','Putrajaya Square',TO_DATE('2025-09-12','YYYY-MM-DD'),TO_DATE('02:00 PM','HH:MI AM'),20.49,'Contest',100,85,'Upcoming','U005');
INSERT INTO Event VALUES ('E006','Night Rally KL','Jalan Bukit Bintang',TO_DATE('2025-10-20','YYYY-MM-DD'),TO_DATE('08:00 PM','HH:MI AM'),10.99,'Night Ride',150,130,'Upcoming','U006');
INSERT INTO Event VALUES ('E007','Rider Unity Parade','Melaka Town Square',TO_DATE('2025-11-11','YYYY-MM-DD'),TO_DATE('09:30 AM','HH:MI AM'),15.99,'Unity Event',120,100,'Upcoming','U007');
INSERT INTO Event VALUES ('E008','Eco Ride Challenge','Taman Negara',TO_DATE('2025-12-01','YYYY-MM-DD'), TO_DATE('06:30 AM','HH:MI AM'),100.25,'Endurance Ride',60,55,'Upcoming','U008');
INSERT INTO Event VALUES ('E009','Track Day','Shah Alam Circuit',TO_DATE('2026-01-10','YYYY-MM-DD'),TO_DATE('10:00 AM','HH:MI AM'),59.99,'Track Day',80,75,'Upcoming','U009');
INSERT INTO Event VALUES ('E010','Speed Battle Showdown','Johor Speedway', TO_DATE('2026-02-14','YYYY-MM-DD'),TO_DATE('11:00 AM','HH:MI AM'),99.99,'Speed Showdown',90,88,'Upcoming','U010');

-- INSERT INTO: MERCHANDISE
-- =========================
INSERT INTO Merchandise VALUES ('M001', 'Yamaha Helmet V1', 'Aerodynamic street helmet', 'Helmet', 'L', 'Black', 250.00, 25, 'Available', '/img/m001.jpg', 'E001');
INSERT INTO Merchandise VALUES ('M002', 'Club Jacket Pro', 'All-weather riding jacket', 'Jacket', 'XL', 'Red/Black', 350.00, 15, 'Available', '/img/m002.jpg', 'E002');
INSERT INTO Merchandise VALUES ('M003', 'Rider Gloves Max', 'Padded safety gloves', 'Gloves', 'M', 'Black', 80.00, 40, 'Available', '/img/m003.jpg', 'E003');
INSERT INTO Merchandise VALUES ('M004', 'Limited Patch Set', 'Club logo embroidery patches', 'Accessories', 'Free', 'Mixed', 20.00, 50, 'Available', '/img/m004.jpg', 'E004');
INSERT INTO Merchandise VALUES ('M005', 'Yamaha Cap', 'Breathable sports cap', 'Cap', 'Free', 'Blue', 35.00, 100, 'Available', '/img/m005.jpg', 'E005');
INSERT INTO Merchandise VALUES ('M006', 'EcoRide T-shirt', 'Event edition cotton tee', 'T-Shirt', 'L', 'White', 45.00, 60, 'Available', '/img/m006.jpg', 'E006');
INSERT INTO Merchandise VALUES ('M007', 'Tank Bag XT', 'Waterproof tank storage bag', 'Bag', 'Free', 'Grey', 120.00, 18, 'Available', '/img/m007.jpg', 'E007');
INSERT INTO Merchandise VALUES ('M008', 'Riding Boots V2', 'Anti-slip sole boots', 'Footwear', '42', 'Black', 300.00, 12, 'Available', '/img/m008.jpg', 'E008');
INSERT INTO Merchandise VALUES ('M009', 'Rider Shades UV', 'UV-protection riding shades', 'Eyewear', 'Free', 'Smoke', 90.00, 35, 'Available', '/img/m009.jpg', 'E009');
INSERT INTO Merchandise VALUES ('M010', 'Backpack Tourer', 'Multi-compartment riding bag', 'Bag', 'Free', 'Black', 150.00, 20, 'Available', '/img/m010.jpg', 'E010');

-- INSERT INTO: MERCHANDISE_PURCHASE
-- ==================================
INSERT INTO Merchandise_Purchase VALUES ('MP001', TO_DATE('2025-06-01', 'YYYY-MM-DD'), 'TRX-20250601-A', 1, 'Shipped', 'Credit Card', 'No. 1, Jalan Merdeka, KL', 250.00, 'Webstore', 0.00, 'U001', 'M001');
INSERT INTO Merchandise_Purchase VALUES ('MP002', TO_DATE('2025-06-02', 'YYYY-MM-DD'), 'TRX-20250602-B', 2, 'Delivered', 'FPX', '55, Jalan Bunga Raya, Selangor', 160.00, 'Mobile App', 20.00, 'U002', 'M002');
INSERT INTO Merchandise_Purchase VALUES ('MP003', TO_DATE('2025-06-03', 'YYYY-MM-DD'), 'TRX-20250603-C', 1, 'Delivered', 'Credit Card', '88, Taman Bukit, Penang', 80.00, 'Webstore', 0.00, 'U003', 'M003');
INSERT INTO Merchandise_Purchase VALUES ('MP004', TO_DATE('2025-06-04', 'YYYY-MM-DD'), 'TRX-20250604-D', 3, 'Processing', 'FPX', 'Lot 12, Jalan Flora, Johor', 135.00, 'Webstore', 15.00, 'U004', 'M004');
INSERT INTO Merchandise_Purchase VALUES ('MP005', TO_DATE('2025-06-05', 'YYYY-MM-DD'), 'TRX-20250605-E', 1, 'Cancelled', 'Cash', 'No. 3, Jalan Putra, Negeri Sembilan', 35.00, 'Webstore', 0.00, 'U005', 'M005');
INSERT INTO Merchandise_Purchase VALUES ('MP006', TO_DATE('2025-06-06', 'YYYY-MM-DD'), 'TRX-20250606-F', 2, 'Delivered', 'Credit Card', '17, Jalan Perak, Perak', 90.00, 'Mobile App', 10.00, 'U006', 'M006');
INSERT INTO Merchandise_Purchase VALUES ('MP007', TO_DATE('2025-06-07', 'YYYY-MM-DD'), 'TRX-20250607-G', 1, 'Shipped', 'FPX', '23, Jalan Sentosa, Melaka', 120.00, 'Webstore', 5.00, 'U007', 'M007');
INSERT INTO Merchandise_Purchase VALUES ('MP008', TO_DATE('2025-06-08', 'YYYY-MM-DD'), 'TRX-20250608-H', 4, 'Delivered', 'Credit Card', '12A, Jalan Seri, KL', 180.00, 'Mobile App', 20.00, 'U008', 'M008');
INSERT INTO Merchandise_Purchase VALUES ('MP009', TO_DATE('2025-06-09', 'YYYY-MM-DD'), 'TRX-20250609-I', 1, 'Processing', 'FPX', '3B, Jalan Bistari, Kelantan', 90.00, 'Webstore', 0.00, 'U009', 'M009');
INSERT INTO Merchandise_Purchase VALUES ('MP010', TO_DATE('2025-06-10', 'YYYY-MM-DD'), 'TRX-20250610-J', 2, 'Delivered', 'Credit Card', '79, Jalan Aman, Selangor', 300.00, 'Mobile App', 30.00, 'U010', 'M010');

-- INSERT INTO: CLUB
-- ==================
INSERT INTO Club VALUES ('C001', 'Yamaha Power Riders', 'Central Malaysia', 'A club for speed lovers', TO_DATE('2020-03-15','YYYY-MM-DD'), 100, 85, '/logos/c001.png', 'Safety first', 'Active', 'U011');
INSERT INTO Club VALUES ('C002', 'NVX Touring Squad', 'Northern Zone', 'Touring NVX communities', TO_DATE('2019-06-01','YYYY-MM-DD'), 50, 48, '/logos/c002.png', 'Helmet mandatory', 'Active', 'U012');
INSERT INTO Club VALUES ('C003', 'Riders Brotherhood', 'Southern Region', 'United street riders', TO_DATE('2021-01-12','YYYY-MM-DD'), 75, 65, '/logos/c003.png', 'Weekly ride attendance', 'Active', 'U013');
INSERT INTO Club VALUES ('C004', 'FZ Family', 'Central Malaysia', 'FZ150i riders community', TO_DATE('2018-08-08','YYYY-MM-DD'), 60, 60, '/logos/c004.png', 'Clean riding only', 'Active', 'U014');
INSERT INTO Club VALUES ('C005', 'XMAX Elite', 'East Malaysia', 'Elite Yamaha XMAX club', TO_DATE('2022-02-20','YYYY-MM-DD'), 40, 32, '/logos/c005.png', 'Show insurance papers', 'Inactive', 'U015');
INSERT INTO Club VALUES ('C006', 'Y15ZR Warriors', 'East Coast', 'Passion for Y15ZR bikes', TO_DATE('2020-11-11','YYYY-MM-DD'), 90, 73, '/logos/c006.png', 'Respect all members', 'Active', 'U016');
INSERT INTO Club VALUES ('C007', 'MT Series Bikers', 'Nationwide', 'MT lovers across states', TO_DATE('2021-07-07','YYYY-MM-DD'), 120, 90, '/logos/c007.png', 'Minimum 2 rides/month', 'Active', 'U017');
INSERT INTO Club VALUES ('C008', 'Yamaha Girl Squad', 'Nationwide', 'All-female riding crew', TO_DATE('2019-04-25','YYYY-MM-DD'), 30, 28, '/logos/c008.png', 'Girls only', 'Active', 'U018');
INSERT INTO Club VALUES ('C009', 'Tracer Explorers', 'East Malaysia', 'Touring adventurers', TO_DATE('2023-01-01','YYYY-MM-DD'), 20, 17, '/logos/c009.png', 'Adventure-ready bikes', 'Active', 'U019');
INSERT INTO Club VALUES ('C010', 'R-Series Legends', 'Central Malaysia', 'Sportbike legend club', TO_DATE('2017-12-12','YYYY-MM-DD'), 100, 92, '/logos/c010.png', 'Track events optional', 'Active', 'U020');

-- INSERT INTO: CLUB_MEMBERSHIP
-- =============================
INSERT INTO Club_Membership VALUES ('CM001', TO_DATE('2023-01-05','YYYY-MM-DD'), 'Active', 'Member', 10, TO_DATE('2024-01-05','YYYY-MM-DD'), 75, TO_DATE('2024-06-10','YYYY-MM-DD'), 'Silver', TO_DATE('2025-01-05','YYYY-MM-DD'), 'RID001', 'C001');
INSERT INTO Club_Membership VALUES ('CM002', TO_DATE('2023-02-10','YYYY-MM-DD'), 'Active', 'President', 12, TO_DATE('2024-02-10','YYYY-MM-DD'), 95, TO_DATE('2024-06-15','YYYY-MM-DD'), 'Gold', TO_DATE('2025-02-10','YYYY-MM-DD'), 'RID002', 'C002');
INSERT INTO Club_Membership VALUES ('CM003', TO_DATE('2023-03-15','YYYY-MM-DD'), 'Active', 'Vice Leader', 11, TO_DATE('2024-03-15','YYYY-MM-DD'), 89, TO_DATE('2024-06-12','YYYY-MM-DD'), 'Gold', TO_DATE('2025-03-15','YYYY-MM-DD'), 'RID003', 'C003');
INSERT INTO Club_Membership VALUES ('CM004', TO_DATE('2023-04-20','YYYY-MM-DD'), 'Suspended', 'Member', 5, TO_DATE('2024-04-20','YYYY-MM-DD'), 35, TO_DATE('2024-05-01','YYYY-MM-DD'), 'Bronze', TO_DATE('2025-04-20','YYYY-MM-DD'), 'RID004', 'C004');
INSERT INTO Club_Membership VALUES ('CM005', TO_DATE('2023-05-25','YYYY-MM-DD'), 'Active', 'Treasurer', 13, TO_DATE('2024-05-25','YYYY-MM-DD'), 98, TO_DATE('2024-06-16','YYYY-MM-DD'), 'Platinum', TO_DATE('2025-05-25','YYYY-MM-DD'), 'RID005', 'C005');
INSERT INTO Club_Membership VALUES ('CM006', TO_DATE('2023-06-01','YYYY-MM-DD'), 'Active', 'Member', 8, TO_DATE('2024-06-01','YYYY-MM-DD'), 66, TO_DATE('2024-06-13','YYYY-MM-DD'), 'Silver', TO_DATE('2025-06-01','YYYY-MM-DD'), 'RID006', 'C006');
INSERT INTO Club_Membership VALUES ('CM007', TO_DATE('2023-07-07','YYYY-MM-DD'), 'Suspended', 'Member', 4, TO_DATE('2024-07-07','YYYY-MM-DD'), 28, TO_DATE('2024-06-02','YYYY-MM-DD'), 'Bronze', TO_DATE('2025-07-07','YYYY-MM-DD'), 'RID007', 'C005');
INSERT INTO Club_Membership VALUES ('CM008', TO_DATE('2023-08-08','YYYY-MM-DD'), 'Active', 'Treasurer', 10, TO_DATE('2024-08-08','YYYY-MM-DD'), 80, TO_DATE('2024-06-14','YYYY-MM-DD'), 'Gold', TO_DATE('2025-08-08','YYYY-MM-DD'), 'RID008', 'C008');
INSERT INTO Club_Membership VALUES ('CM009', TO_DATE('2023-09-09','YYYY-MM-DD'), 'Active', 'Member', 9, TO_DATE('2024-09-09','YYYY-MM-DD'), 72, TO_DATE('2024-06-11','YYYY-MM-DD'), 'Silver', TO_DATE('2025-09-09','YYYY-MM-DD'), 'RID009', 'C009');
INSERT INTO Club_Membership VALUES ('CM010', TO_DATE('2023-10-10','YYYY-MM-DD'), 'Active', 'Member', 7, TO_DATE('2024-10-10','YYYY-MM-DD'), 58, TO_DATE('2024-06-09','YYYY-MM-DD'), 'Bronze', TO_DATE('2025-10-10','YYYY-MM-DD'), 'RID010', 'C010');

-- INSERT INTO: BADGE
-- ===================
INSERT INTO Badge VALUES ('B001', 'Trail Blazer', 'Awarded for joining 1st club ride', 'First Club Ride Completed', 'Bronze', '/img/badges/trail_blazer.png', 'Activity', DATE '2025-01-01', 'Active', 150, 'U001');
INSERT INTO Badge VALUES ('B002', 'Oil Master', 'Awarded for 5 oil changes', '5 Oil Changes Completed', 'Silver', '/img/badges/oil_master.png', 'Maintenance', DATE '2025-02-10', 'Active', 120, 'U002');
INSERT INTO Badge VALUES ('B003', 'Speed Demon', 'Participated in track day event', 'Joined Track Day', 'Gold', '/img/badges/speed_demon.png', 'Event', DATE '2025-03-15', 'Active', 90, 'U003');
INSERT INTO Badge VALUES ('B004', 'Community Helper', 'Contributed in community events', '3 Club Activities Joined', 'Bronze', '/img/badges/community_helper.png', 'Community', DATE '2025-01-20', 'Inactive', 85, 'U004');
INSERT INTO Badge VALUES ('B005', 'Loyalty Star', 'Redeemed 3 loyalty rewards', '3 Loyalty Rewards Redeemed', 'Silver', '/img/badges/loyalty_star.png', 'Loyalty', DATE '2025-04-01', 'Active', 70, 'U005');
INSERT INTO Badge VALUES ('B006', 'Safety First', 'Attended safety workshop', 'Attended Safety Training', 'Bronze', '/img/badges/safety_first.png', 'Training', DATE '2025-05-01', 'Active', 65, 'U006');
INSERT INTO Badge VALUES ('B007', 'Explorer', 'Attended 5 different club events', '5 Unique Club Events', 'Gold', '/img/badges/explorer.png', 'Event', DATE '2025-03-01', 'Active', 60, 'U007');
INSERT INTO Badge VALUES ('B008', 'Tech Guru', 'Completed tech bike inspection', 'Completed Tech Check', 'Silver', '/img/badges/tech_guru.png', 'Technical', DATE '2025-02-15', 'Inactive', 55, 'U008');
INSERT INTO Badge VALUES ('B009', 'Long Rider', 'Rode over 500km in one ride', 'Completed Long Distance Ride', 'Gold', '/img/badges/long_rider.png', 'Distance', DATE '2025-06-01', 'Active', 30, 'U009');
INSERT INTO Badge VALUES ('B010', 'Lucky Draw', 'Won during a lucky draw', 'Lucky Draw Winner', 'Bronze', '/img/badges/lucky_draw.png', 'Miscellaneous', DATE '2025-06-10', 'Active', 10, 'U010');

-- INSERT INTO: EVENT_PARTICIPATION
-- =================================
INSERT INTO Event_Participation VALUES ('EP001', TO_DATE('2025-06-02','YYYY-MM-DD'),'Speedster', 'Best Lap Time', 'Attended', 'Completed',25, 4.5, '/photos/ep001.jpg','Outstanding lap','RID001', 'E001', 'B001');
INSERT INTO Event_Participation VALUES ('EP002', TO_DATE('2025-07-16','YYYY-MM-DD'),'Loyal Rider', 'None', 'Attended', 'Completed',15, 4.0, '/photos/ep002.jpg','Loyal member','RID002', 'E002', 'B002');
INSERT INTO Event_Participation VALUES ('EP003', TO_DATE('2025-08-06','YYYY-MM-DD'),'Explorer', 'Longest Route', 'Attended', 'Completed',30, 4.8, '/photos/ep003.jpg','Superb endurance','RID003', 'E003', 'B003');
INSERT INTO Event_Participation VALUES ('EP004', TO_DATE('2025-09-01','YYYY-MM-DD'),'Patriot Rider', 'Most Flags', 'Attended', 'Completed',10, 4.1, '/photos/ep004.jpg','National pride','RID004', 'E004', 'B004');
INSERT INTO Event_Participation VALUES ('EP005', TO_DATE('2025-09-13','YYYY-MM-DD'),'Custom King', 'Best Paint Job', 'Attended', 'Completed',20, 4.7,'/photos/ep005.jpg', 'Stunning design','RID005', 'E005', 'B005');
INSERT INTO Event_Participation VALUES ('EP006', TO_DATE('2025-10-21','YYYY-MM-DD'), 'Urban Rider', 'None', 'Attended', 'Completed', 18, 4.2, '/photos/ep006.jpg','Urban champion', 'RID006', 'E006', 'B006');
INSERT INTO Event_Participation VALUES ('EP007', TO_DATE('2025-11-12','YYYY-MM-DD'),'Unity Spirit', 'Team Leader', 'Attended', 'Completed',22, 4.6, '/photos/ep007.jpg','Led with pride','RID007', 'E007', 'B007');
INSERT INTO Event_Participation VALUES ('EP008', TO_DATE('2025-12-02','YYYY-MM-DD'),'Eco Warrior', 'Longest Ride', 'Attended', 'Completed',35, 4.9, '/photos/ep008.jpg', 'Eco awareness','RID008', 'E008', 'B008');
INSERT INTO Event_Participation VALUES ('EP009', TO_DATE('2026-01-11','YYYY-MM-DD'),'Track Pro', 'Fastest Rider', 'Attended', 'Completed', 28, 4.4, '/photos/ep009.jpg','Track star','RID009', 'E009', 'B009');
INSERT INTO Event_Participation VALUES ('EP010', TO_DATE('2026-02-15','YYYY-MM-DD'), 'Thunderstorm', 'Loudest Engine', 'Attended', 'Completed', 24, 4.3,'/photos/ep010.jpg','Roaring power', 'RID010', 'E010', 'B010');

-- INSERT INTO: REFERRAL
-- ======================
INSERT INTO Referral VALUES ('R001', DATE '2025-06-01', 'JOINRIDE100', 'Used', 'Yes', 'WhatsApp', 1, 'Yes', 'Mobile', DATE '2025-05-30', 'RID001', 'RID010');
INSERT INTO Referral VALUES ('R002', DATE '2025-06-02', 'CLUB2025', 'Active', 'No', 'Telegram', 5, 'No', 'Desktop', DATE '2025-06-01', 'RID002', 'RID009');
INSERT INTO Referral VALUES ('R003', DATE '2025-06-03', 'STARTSAFE', 'Used', 'Yes', 'Email', 2, 'Yes', 'Tablet', DATE '2025-06-02', 'RID003', 'RID008');
INSERT INTO Referral VALUES ('R004', DATE '2025-06-04', 'FRIENDGIFT', 'Used', 'No', 'Facebook', 10, 'Yes', 'Mobile', DATE '2025-06-03', 'RID004', 'RID007');
INSERT INTO Referral VALUES ('R005', DATE '2025-06-05', 'RIDEFAM', 'Expired', 'Yes', 'SMS', 3, 'No', 'Mobile', DATE '2025-06-04', 'RID005', 'RID006');
INSERT INTO Referral VALUES ('R006', DATE '2025-06-06', 'GETREWARDS', 'Active', 'No', 'In-App', 7, 'Yes', 'Desktop', DATE '2025-06-05', 'RID006', 'RID005');
INSERT INTO Referral VALUES ('R007', DATE '2025-06-07', 'CLUBBUDDY', 'Used', 'No', 'QR Code', 5, 'Yes', 'Tablet', DATE '2025-06-06', 'RID007', 'RID004');
INSERT INTO Referral VALUES ('R008', DATE '2025-06-08', 'HELLORIDER', 'Active', 'Yes', 'In-App', 2, 'No', 'Mobile', DATE '2025-06-07', 'RID008', 'RID003');
INSERT INTO Referral VALUES ('R009', DATE '2025-06-09', 'DISCOUNT100', 'Used', 'No', 'Facebook', 4, 'Yes', 'Desktop', DATE '2025-06-08', 'RID009', 'RID002');
INSERT INTO Referral VALUES ('R010', DATE '2025-06-10', 'FASTJOIN', 'Expired', 'Yes', 'Email', 1, 'No', 'Tablet', DATE '2025-06-09', 'RID010', 'RID001');

-- INSERT INTO: LOYALTY_REWARD
-- ============================
INSERT INTO Loyalty_Reward VALUES ('LR001', 'Yamaha T-shirt', 'Official club shirt', 200, 'Available', DATE '2025-06-01', DATE '2025-12-31', 50, 10, 'Merchandise Purchase', 'RID001', NULL, 'MP001', NULL, NULL, NULL);
INSERT INTO Loyalty_Reward VALUES ('LR002', 'Oil Voucher', 'RM50 oil service voucher', 300, 'Available', DATE '2025-06-01', DATE '2025-11-30', 30, 7, 'Club Membership', 'RID002', NULL, NULL, NULL, NULL, 'CM002');
INSERT INTO Loyalty_Reward VALUES ('LR003', 'Club Cap', 'Yamaha cap', 150, 'Unavailable', DATE '2025-06-01', DATE '2025-09-30', 0, 12, 'Club Activity', 'RID003', NULL, NULL, NULL, NULL, NULL);
INSERT INTO Loyalty_Reward VALUES ('LR004', 'Brake Service Kit', 'Maintenance essentials', 400, 'Available', DATE '2025-06-01', DATE '2026-01-31', 20, 4, 'Referral', 'RID004', NULL, NULL, 'R001', NULL, NULL);
INSERT INTO Loyalty_Reward VALUES ('LR005', 'Windbreaker', 'Branded jacket', 500, 'Available', DATE '2025-06-01', DATE '2026-02-28', 10, 3, 'Club Membership', 'RID005', NULL, NULL, NULL, NULL, 'CM005');
INSERT INTO Loyalty_Reward VALUES ('LR006', 'Keychain Bundle', '3 pcs Yamaha keychains', 100, 'Unavailable', DATE '2025-06-01', DATE '2025-08-31', 0, 8, 'Merchandise', 'RID006', 'M006', NULL, NULL, NULL, NULL);
INSERT INTO Loyalty_Reward VALUES ('LR007', 'Motorcycle Wash', 'Free wash pass', 120, 'Available', DATE '2025-06-01', DATE '2025-10-31', 15, 5, 'Event Participation', 'RID007', NULL, NULL, NULL, 'EP003', NULL);
INSERT INTO Loyalty_Reward VALUES ('LR008', 'Raincoat', 'Waterproof gear', 200, 'Available', DATE '2025-06-01', DATE '2025-12-31', 25, 9, 'Club Activity', 'RID008', NULL, NULL, NULL, NULL, NULL);
INSERT INTO Loyalty_Reward VALUES ('LR009', 'Chain Oil', 'High-performance lubricant', 80, 'Available', DATE '2025-06-01', DATE '2025-12-31', 40, 6, 'Referral', 'RID009', NULL, NULL, 'R002', NULL, NULL);
INSERT INTO Loyalty_Reward VALUES ('LR010', 'Club Badge Set', 'Limited edition set', 300, 'Unavailable', DATE '2025-06-01', DATE '2025-07-31', 100, 2, 'Club Membership', 'RID010', NULL, NULL, NULL, NULL, 'CM010');

-- INSERT INTO: CLUB_ACTIVITY
-- ===========================
INSERT INTO Club_Activity VALUES ('A001', 'Safety Briefing', 'Intro to safe riding', TO_DATE('2025-01-10','YYYY-MM-DD'), TO_DATE('10:00 AM','HH:MI AM'), 'HQ Training Room', 20, 10, 'Completed', '/highlights/a001.jpg', 'RID001', 'C001', 'CM001', 'LR003');
INSERT INTO Club_Activity VALUES ('A002', 'Weekly Night Ride', 'Regular Friday group ride', TO_DATE('2025-01-17','YYYY-MM-DD'), TO_DATE('08:00 PM','HH:MI AM'), 'City Loop Start Point', 30, 15, 'Completed', '/highlights/a002.jpg', 'RID002', 'C002', 'CM002', 'LR008');
INSERT INTO Club_Activity VALUES ('A003', 'Charity Ride', 'Donation drive & ride', TO_DATE('2025-02-05','YYYY-MM-DD'), TO_DATE('07:30 AM','HH:MI AM'), 'Community Hall', 25, 20, 'Completed', '/highlights/a003.jpg', 'RID003', 'C003', 'CM003', 'LR003');
INSERT INTO Club_Activity VALUES ('A004', 'Monthly Meeting', 'Admin + member briefing', TO_DATE('2025-02-12','YYYY-MM-DD'), TO_DATE('03:00 PM','HH:MI AM'), 'Clubhouse', 15, 5, 'Completed', '/highlights/a004.jpg', 'RID004', 'C004', 'CM004', 'LR008');
INSERT INTO Club_Activity VALUES ('A005', 'Highway Training', 'Skill up on expressways', TO_DATE('2025-03-01','YYYY-MM-DD'), TO_DATE('09:00 AM','HH:MI AM'), 'PLUS Highway Rest Stop', 18, 10, 'Completed', '/highlights/a005.jpg', 'RID005', 'C005', 'CM005', 'LR003');
INSERT INTO Club_Activity VALUES ('A006', 'Convoy to Genting', 'Hill ride with safety focus', TO_DATE('2025-03-15','YYYY-MM-DD'), TO_DATE('06:00 AM','HH:MI AM'), 'Genting Hill Base', 22, 15, 'Completed', '/highlights/a006.jpg', 'RID006', 'C006', 'CM006', 'LR008');
INSERT INTO Club_Activity VALUES ('A007', 'Rider Games', 'Competitive club games', TO_DATE('2025-04-01','YYYY-MM-DD'), TO_DATE('01:00 PM','HH:MI AM'), 'Stadium Parking Lot', 35, 12, 'Completed', '/highlights/a007.jpg', 'RID007', 'C007', 'CM007', 'LR003');
INSERT INTO Club_Activity VALUES ('A008', 'First Aid Workshop', 'Emergency response skills', TO_DATE('2025-04-20','YYYY-MM-DD'), TO_DATE('10:00 AM','HH:MI AM'), 'Red Cross Room', 28, 10, 'Completed', '/highlights/a008.jpg', 'RID008', 'C008', 'CM008', 'LR008');
INSERT INTO Club_Activity VALUES ('A009', 'Helmet Custom Session', 'Helmet paint + fit checks', TO_DATE('2025-05-05','YYYY-MM-DD'), TO_DATE('02:00 PM','HH:MI AM'), 'Club Garage', 12, 8, 'Completed', '/highlights/a009.jpg', 'RID009', 'C009', 'CM009', 'LR003');
INSERT INTO Club_Activity VALUES ('A010', 'Bike Maintenance 101', 'DIY maintenance & cleaning', TO_DATE('2025-05-25','YYYY-MM-DD'), TO_DATE('11:00 AM','HH:MI AM'), 'Workshop Bay Area', 16, 10, 'Completed', '/highlights/a010.jpg', 'RID010', 'C010', 'CM010', 'LR008');

-- INSERT INTO: SERVICE_APPOINTMENT
-- =================================
INSERT INTO Service_Appointment VALUES ('SA001', DATE '2025-06-01', '2 hrs', 'Oil Change', TO_DATE('2025-06-01 10:00', 'YYYY-MM-DD HH24:MI'), 'Completed', 100.00, 'Mobile App', 5, 'Normal', 'U011', 'SC001', 'M001');
INSERT INTO Service_Appointment VALUES ('SA002', DATE '2025-06-02', '3 hrs', 'Full Service', TO_DATE('2025-06-02 09:30', 'YYYY-MM-DD HH24:MI'), 'In Progress', 350.00, 'Website', 2, 'High', 'U012', 'SC002', 'M002');
INSERT INTO Service_Appointment VALUES ('SA003', DATE '2025-06-03', '2 hrs', 'Tire Replacement', TO_DATE('2025-06-03 11:00', 'YYYY-MM-DD HH24:MI'), 'Scheduled', 200.00, 'In-person', 4, 'Normal', 'U013', 'SC003', 'M003');
INSERT INTO Service_Appointment VALUES ('SA004', DATE '2025-06-04', '1 hr', 'Battery Check', TO_DATE('2025-06-04 10:30', 'YYYY-MM-DD HH24:MI'), 'Completed', 80.00, 'Website', 1, 'Low', 'U014', 'SC004', 'M004');
INSERT INTO Service_Appointment VALUES ('SA005', DATE '2025-06-05', '3 hrs', 'Full Service', TO_DATE('2025-06-05 13:00', 'YYYY-MM-DD HH24:MI'), 'Cancelled', 300.00, 'Mobile App', 6, 'Normal', 'U015', 'SC005', 'M005');
INSERT INTO Service_Appointment VALUES ('SA006', DATE '2025-06-06', '2 hrs', 'Oil Change', TO_DATE('2025-06-06 09:00', 'YYYY-MM-DD HH24:MI'), 'Completed', 120.00, 'In-person', 3, 'Normal', 'U016', 'SC006', 'M006');
INSERT INTO Service_Appointment VALUES ('SA007', DATE '2025-06-07', '4 hrs', 'Brake Service', TO_DATE('2025-06-07 14:00', 'YYYY-MM-DD HH24:MI'), 'Completed', 250.00, 'Mobile App', 2, 'High', 'U017', 'SC007', 'M007');
INSERT INTO Service_Appointment VALUES ('SA008', DATE '2025-06-08', '2 hrs', 'Oil Change', TO_DATE('2025-06-08 12:00', 'YYYY-MM-DD HH24:MI'), 'Scheduled', 110.00, 'Website', 4, 'Low', 'U018', 'SC008', 'M008');
INSERT INTO Service_Appointment VALUES ('SA009', DATE '2025-06-09', '1 hr', 'Chain Adjustment', TO_DATE('2025-06-09 15:00', 'YYYY-MM-DD HH24:MI'), 'Completed', 90.00, 'Mobile App', 1, 'Normal', 'U019', 'SC009', 'M009');
INSERT INTO Service_Appointment VALUES ('SA010', DATE '2025-06-10', '2 hrs', 'Tire Replacement', TO_DATE('2025-06-10 11:30', 'YYYY-MM-DD HH24:MI'), 'Completed', 190.00, 'In-person', 3, 'Normal', 'U020', 'SC010', 'M010');

-- INSERT INTO: SERVICE_RECORD
-- ============================
INSERT INTO Service_Record VALUES ('SR001', DATE '2025-06-01', 'Oil Change', 'Oil Filter', 100.00, 'Yes', 'Routine oil change', 'FC001', TO_DATE('2025-06-01 11:30', 'YYYY-MM-DD HH24:MI'), 'None', 'U011', 'M001', 'SA001', 'SC001');
INSERT INTO Service_Record VALUES ('SR002', DATE '2025-06-02', 'Full Service', 'Spark Plug, Oil Filter', 350.00, 'No', 'Annual service', 'FC002', TO_DATE('2025-06-02 13:00', 'YYYY-MM-DD HH24:MI'), 'Inspection in 6 months', 'U012', 'M002', 'SA002', 'SC002');
INSERT INTO Service_Record VALUES ('SR003', DATE '2025-06-03', 'Tire Replacement', 'Front Tire', 200.00, 'No', 'Front tire worn out', 'FC003', TO_DATE('2025-06-03 12:00', 'YYYY-MM-DD HH24:MI'), 'Tire check in 2 months', 'U013', 'M003', 'SA003', 'SC003');
INSERT INTO Service_Record VALUES ('SR004', DATE '2025-06-04', 'Battery Check', 'Battery', 80.00, 'Yes', 'Weak battery', 'FC004', TO_DATE('2025-06-04 11:00', 'YYYY-MM-DD HH24:MI'), 'Battery replacement', 'U014', 'M004', 'SA004', 'SC004');
INSERT INTO Service_Record VALUES ('SR005', DATE '2025-06-05', 'Full Service', 'Air Filter', 300.00, 'No', 'Service + filter replace', 'FC005', TO_DATE('2025-06-05 15:00', 'YYYY-MM-DD HH24:MI'), 'Monitor air filter', 'U015', 'M005', 'SA005', 'SC005');
INSERT INTO Service_Record VALUES ('SR006', DATE '2025-06-06', 'Oil Change', 'Oil Filter', 120.00, 'Yes', 'Oil filter clogged', 'FC006', TO_DATE('2025-06-06 10:00', 'YYYY-MM-DD HH24:MI'), 'Routine service', 'U016', 'M006', 'SA006', 'SC006');
INSERT INTO Service_Record VALUES ('SR007', DATE '2025-06-07', 'Brake Pad Replacement', 'Brake Pads', 250.00, 'No', 'Brake pads thin', 'FC007', TO_DATE('2025-06-07 16:30', 'YYYY-MM-DD HH24:MI'), 'Brake check in 3 months', 'U017', 'M007', 'SA007', 'SC007');
INSERT INTO Service_Record VALUES ('SR008', DATE '2025-06-08', 'Oil Change', 'Oil Filter', 110.00, 'Yes', 'Scheduled change', 'FC008', TO_DATE('2025-06-08 13:00', 'YYYY-MM-DD HH24:MI'), 'Routine maintenance', 'U018', 'M008', 'SA008', 'SC008');
INSERT INTO Service_Record VALUES ('SR009', DATE '2025-06-09', 'Chain Adjustment', 'Chain Lubricant', 90.00, 'No', 'Loose chain', 'FC009', TO_DATE('2025-06-09 14:00', 'YYYY-MM-DD HH24:MI'), 'Chain replacement', 'U019', 'M009', 'SA009', 'SC009');
INSERT INTO Service_Record VALUES ('SR010', DATE '2025-06-10', 'Tire Replacement', 'Rear Tire', 190.00, 'Yes', 'Rear tire punctured', 'FC010', TO_DATE('2025-06-10 15:30', 'YYYY-MM-DD HH24:MI'), 'Recheck alignment', 'U020', 'M010', 'SA010', 'SC010');

-- INSERT INTO: USER_BADGE
-- ========================
INSERT INTO User_Badge VALUES ('UB001', DATE '2025-06-01', 'Kuala Lumpur', 'No', 'Active', NULL, 'Earned after club ride', 'Event Participation', 'Visible', 1, 'U011', 'B001');
INSERT INTO User_Badge VALUES ('UB002', DATE '2025-06-03', 'Johor Bahru', 'No', 'Active', NULL, 'Auto-awarded for oil service', 'Maintenance System', 'Hidden', 1, 'U012', 'B002');
INSERT INTO User_Badge VALUES ('UB003', DATE '2025-06-05', 'Penang', 'Yes', 'Active', NULL, 'Awarded during track event', 'Admin Grant', 'Visible', 1, 'U013', 'B003');
INSERT INTO User_Badge VALUES ('UB004', DATE '2025-06-07', 'Ipoh', 'No', 'Revoked', 'DUI', 'Community event participation', 'Event participation', 'Visible', 1, 'U014', 'B004');
INSERT INTO User_Badge VALUES ('UB005', DATE '2025-06-08', 'Melaka', 'Yes', 'Active', NULL, 'Loyalty points redemption', 'Admin Grant', 'Hidden', 1, 'U015', 'B005');
INSERT INTO User_Badge VALUES ('UB006', DATE '2025-06-10', 'Seremban', 'No', 'Active', NULL, 'Attended safety workshop', 'Manual Submission', 'Visible', 1, 'U016', 'B006');
INSERT INTO User_Badge VALUES ('UB007', DATE '2025-06-11', 'Shah Alam', 'No', 'Active', NULL, 'Attended 5 club events', 'Event participation', 'Visible', 1, 'U017', 'B007');
INSERT INTO User_Badge VALUES ('UB008', DATE '2025-06-12', 'Kuantan', 'No', 'Revoked', 'Duplicate badge issued', 'Revoked and reassigned later', 'System', 'Hidden', 1, 'U018', 'B008');
INSERT INTO User_Badge VALUES ('UB009', DATE '2025-06-13', 'Kucing', 'Yes', 'Active', NULL, 'Long distance ride completed', 'Admin Grant', 'Visible', 1, 'U019', 'B009');
INSERT INTO User_Badge VALUES ('UB010', DATE '2025-06-14', 'Kota Kinabalu', 'No', 'Active', NULL, 'Random draw badge', 'Lucky Draw', 'Visible', 1, 'U020', 'B010');

-- INSERT INTO: FEEDBACK
-- ======================
INSERT INTO Feedback VALUES ('F001', DATE '2025-06-01', 'Service Experience', 4.5, 'Very helpful and friendly', 'Service', '/img/feedback/f001.png', DATE '2025-06-02', 'Responded', 'Yes', 'U011', NULL, NULL, NULL, NULL, NULL, NULL, NULL, 'SA001', NULL);
INSERT INTO Feedback VALUES ('F002', DATE '2025-06-02', 'Event Feedback', 4.0, 'Enjoyed the ride', 'Event', '/img/feedback/f002.png', DATE '2025-06-03', 'Responded', 'Yes', 'U012', NULL, NULL, NULL, 'E002', NULL, NULL, NULL, NULL, NULL);
INSERT INTO Feedback VALUES ('F003', DATE '2025-06-03', 'App Usability', 3.5, 'App is slow sometimes', 'App', '/img/feedback/f003.png', DATE '2025-06-05', 'Pending', 'No', 'U013', NULL, NULL, NULL, NULL, NULL, NULL, NULL, NULL, NULL);
INSERT INTO Feedback VALUES ('F004', DATE '2025-06-04', 'Purchase Experience', 5.0, 'Fast delivery and easy', 'Merchandise', '/img/feedback/f004.png', DATE '2025-06-06', 'Responded', 'Yes', 'U014', NULL, NULL, NULL, NULL, NULL, 'M004', NULL, NULL, NULL);
INSERT INTO Feedback VALUES ('F005', DATE '2025-06-05', 'Loyalty Program', 4.7, 'Great rewards system', 'Loyalty', '/img/feedback/f005.png', DATE '2025-06-07', 'Responded', 'Yes', 'U015', NULL, NULL, NULL, NULL, NULL, NULL, NULL, NULL, 'LR002');
INSERT INTO Feedback VALUES ('F006', DATE '2025-06-06', 'Safety Issues', 3.0, 'Need clearer safety rules', 'Club', '/img/feedback/f006.png', DATE '2025-06-08', 'Responded', 'Yes', 'U016', 'C006', NULL, NULL, NULL, NULL, NULL, NULL, NULL, NULL);
INSERT INTO Feedback VALUES ('F007', DATE '2025-06-07', 'Club Activity Fun', 4.2, 'Loved the group ride', 'Activity', '/img/feedback/f007.png', DATE '2025-06-09', 'Responded', 'Yes', 'U017', NULL, NULL, 'A007', NULL, NULL, NULL, NULL, NULL, NULL);
INSERT INTO Feedback VALUES ('F008', DATE '2025-06-08', 'Membership Experience', 4.8, 'Smooth and easy renewal', 'Membership', '/img/feedback/f008.png', DATE '2025-06-10', 'Responded', 'Yes', 'U018', NULL, 'CM008', NULL, NULL, NULL, NULL, NULL, NULL, NULL);
INSERT INTO Feedback VALUES ('F009', DATE '2025-06-09', 'Warranty Claim Process', 2.9, 'Took too long to respond', 'Claim', '/img/feedback/f009.png', DATE '2025-06-11', 'Responded', 'Yes', 'U019', NULL, NULL, NULL, NULL, NULL, NULL, 'SC009', NULL, NULL);
INSERT INTO Feedback VALUES ('F010', DATE '2025-06-10', 'Event Participation', 4.4, 'Great support staff onsite', 'Event', '/img/feedback/f010.png', DATE '2025-06-11', 'Pending', 'No', 'U020', NULL, NULL, NULL, NULL, NULL, NULL, NULL, NULL, NULL);

-- INSERT INTO: NOTIFICATION
-- ==========================
INSERT INTO Notification VALUES ('N001', 'Service Reminder', 'Your motorcycle service is due', TO_DATE('2025-06-01 08:00', 'YYYY-MM-DD HH24:MI'), 'Unread', 'Service', 'Unseen', 'High', TO_DATE('2025-06-07 23:59', 'YYYY-MM-DD HH24:MI'), 'System', 'RID001', NULL, NULL, NULL, 'SA001');
INSERT INTO Notification VALUES ('N002', 'Club Event', 'New event this weekend', TO_DATE('2025-06-02 09:00', 'YYYY-MM-DD HH24:MI'), 'Read', 'Event', 'Seen', 'Medium', TO_DATE('2025-06-08 23:59', 'YYYY-MM-DD HH24:MI'), 'System', 'RID002', NULL, 'E002', NULL, NULL);
INSERT INTO Notification VALUES ('N003', 'Reward Unlocked', 'You have unlocked a new reward', TO_DATE('2025-06-03 10:00', 'YYYY-MM-DD HH24:MI'), 'Unread', 'Loyalty', 'Unseen', 'High', TO_DATE('2025-06-09 23:59', 'YYYY-MM-DD HH24:MI'), 'System', 'RID003', NULL, NULL, 'EP003', NULL);
INSERT INTO Notification VALUES ('N004', 'Password Alert', 'Password change required', TO_DATE('2025-06-04 11:00', 'YYYY-MM-DD HH24:MI'), 'Read', 'Security', 'Seen', 'Critical', TO_DATE('2025-06-10 23:59', 'YYYY-MM-DD HH24:MI'), 'System', 'RID004', NULL, NULL, NULL, NULL);
INSERT INTO Notification VALUES ('N005', 'Purchase Confirmation', 'Your order has been placed', TO_DATE('2025-06-05 12:00', 'YYYY-MM-DD HH24:MI'), 'Unread', 'Purchase', 'Unseen', 'Medium', TO_DATE('2025-06-11 23:59', 'YYYY-MM-DD HH24:MI'), 'System', 'RID005', NULL, 'E005', NULL, NULL);
INSERT INTO Notification VALUES ('N006', 'App Update', 'New features available in the app', TO_DATE('2025-06-06 13:00', 'YYYY-MM-DD HH24:MI'), 'Read', 'Update', 'Seen', 'Low', TO_DATE('2025-06-12 23:59', 'YYYY-MM-DD HH24:MI'), 'System', 'RID006', NULL, NULL, NULL, NULL);
INSERT INTO Notification VALUES ('N007', 'Feedback Response', 'We have responded to your feedback', TO_DATE('2025-06-07 14:00', 'YYYY-MM-DD HH24:MI'), 'Unread', 'Feedback', 'Unseen', 'Medium', TO_DATE('2025-06-13 23:59', 'YYYY-MM-DD HH24:MI'), 'System', 'RID007', NULL, NULL, NULL, NULL);
INSERT INTO Notification VALUES ('N008', 'Promotion Alert', 'Get 20% off on merchandise', TO_DATE('2025-06-08 15:00', 'YYYY-MM-DD HH24:MI'), 'Unread', 'Promotion', 'Unseen', 'Low', TO_DATE('2025-06-14 23:59', 'YYYY-MM-DD HH24:MI'), 'System', 'RID008', NULL, NULL, NULL, NULL);
INSERT INTO Notification VALUES ('N009', 'Safety Campaign', 'Join our road safety awareness drive', TO_DATE('2025-06-09 16:00', 'YYYY-MM-DD HH24:MI'), 'Read', 'Awareness', 'Seen', 'High', TO_DATE('2025-06-15 23:59', 'YYYY-MM-DD HH24:MI'), 'System', 'RID009', NULL, 'E009', NULL, NULL);
INSERT INTO Notification VALUES ('N010', 'Badge Earned', 'You''ve earned a new badge', TO_DATE('2025-06-10 17:00', 'YYYY-MM-DD HH24:MI'), 'Unread', 'Badge', 'Unseen', 'Medium', TO_DATE('2025-06-16 23:59', 'YYYY-MM-DD HH24:MI'), 'System', 'RID010', NULL, 'E010', NULL, NULL);

-- INSERT INTO: LOGIN_LOG
-- =======================
INSERT INTO Login_Log VALUES ('LL001', '192.168.0.1', TO_DATE('2025-06-01 08:00', 'YYYY-MM-DD HH24:MI'), 'Android', 'Chrome Mobile 110', 'Kuala Lumpur', TO_DATE('2025-06-01 08:30', 'YYYY-MM-DD HH24:MI'), 30, 'Success', 'No', 'U001', 'SC001');
INSERT INTO Login_Log VALUES ('LL002', '192.168.0.2', TO_DATE('2025-06-01 09:00', 'YYYY-MM-DD HH24:MI'), 'iOS', 'Safari iOS 14', 'Johor Bahru', TO_DATE('2025-06-01 09:45', 'YYYY-MM-DD HH24:MI'), 45, 'Success', 'No', 'U002', 'SC002');
INSERT INTO Login_Log VALUES ('LL003', '192.168.0.3', TO_DATE('2025-06-01 10:00', 'YYYY-MM-DD HH24:MI'), 'Windows 11', 'Chrome 113', 'Ipoh', TO_DATE('2025-06-01 10:15', 'YYYY-MM-DD HH24:MI'), 15, 'Success', 'Yes', 'U003', 'SC003');
INSERT INTO Login_Log VALUES ('LL004', '192.168.0.4', TO_DATE('2025-06-01 11:00', 'YYYY-MM-DD HH24:MI'), 'MacBook Pro', 'Safari macOS 13', 'Penang', TO_DATE('2025-06-01 11:30', 'YYYY-MM-DD HH24:MI'), 30, 'Failed', 'No', 'U004', 'SC004');
INSERT INTO Login_Log VALUES ('LL005', '192.168.0.5', TO_DATE('2025-06-01 12:00', 'YYYY-MM-DD HH24:MI'), 'Android Tablet', 'Firefox Mobile', 'Kuantan', TO_DATE('2025-06-01 12:20', 'YYYY-MM-DD HH24:MI'), 20, 'Success', 'No', 'U005', 'SC005');
INSERT INTO Login_Log VALUES ('LL006', '192.168.0.6', TO_DATE('2025-06-01 13:00', 'YYYY-MM-DD HH24:MI'), 'Desktop', 'Edge 110', 'Melaka', TO_DATE('2025-06-01 13:40', 'YYYY-MM-DD HH24:MI'), 40, 'Success', 'No', 'U006', 'SC006');
INSERT INTO Login_Log VALUES ('LL007', '192.168.0.7', TO_DATE('2025-06-01 14:00', 'YYYY-MM-DD HH24:MI'), 'iPhone', 'Chrome iOS', 'Alor Setar', TO_DATE('2025-06-01 14:10', 'YYYY-MM-DD HH24:MI'), 10, 'Success', 'No', 'U007', 'SC007');
INSERT INTO Login_Log VALUES ('LL008', '192.168.0.8', TO_DATE('2025-06-01 15:00', 'YYYY-MM-DD HH24:MI'), 'Chromebook', 'Chrome OS', 'Seremban', TO_DATE('2025-06-01 15:30', 'YYYY-MM-DD HH24:MI'), 30, 'Failed', 'Yes', 'U008', 'SC008');
INSERT INTO Login_Log VALUES ('LL009', '192.168.0.9', TO_DATE('2025-06-01 16:00', 'YYYY-MM-DD HH24:MI'), 'Samsung Galaxy', 'Samsung Internet', 'Kota Bharu', TO_DATE('2025-06-01 16:20', 'YYYY-MM-DD HH24:MI'), 20, 'Success', 'No', 'U009', 'SC009');
INSERT INTO Login_Log VALUES ('LL010', '192.168.0.10', TO_DATE('2025-06-01 17:00', 'YYYY-MM-DD HH24:MI'), 'Windows Laptop', 'Brave Browser', 'Shah Alam', TO_DATE('2025-06-01 17:30', 'YYYY-MM-DD HH24:MI'), 30, 'Success', 'Yes', 'U010', 'SC010');

-- INSERT INTO: EXPLOSION TABLE
-- ==============================
-- 1. Users_Club
INSERT INTO Users_Club VALUES ('U001','C001');
INSERT INTO Users_Club VALUES ('U002','C002');
INSERT INTO Users_Club VALUES ('U003','C003');
INSERT INTO Users_Club VALUES ('U004','C004');
INSERT INTO Users_Club VALUES ('U005','C005');
INSERT INTO Users_Club VALUES ('U006','C006');
INSERT INTO Users_Club VALUES ('U007','C007');
INSERT INTO Users_Club VALUES ('U008','C008');
INSERT INTO Users_Club VALUES ('U009','C009');
INSERT INTO Users_Club VALUES ('U010','C010');
INSERT INTO Users_Club VALUES ('U011','C001');
INSERT INTO Users_Club VALUES ('U012','C002');
INSERT INTO Users_Club VALUES ('U013','C003');
INSERT INTO Users_Club VALUES ('U014','C004');
INSERT INTO Users_Club VALUES ('U015','C005');
INSERT INTO Users_Club VALUES ('U016','C006');
INSERT INTO Users_Club VALUES ('U017','C007');
INSERT INTO Users_Club VALUES ('U018','C008');
INSERT INTO Users_Club VALUES ('U019','C009');
INSERT INTO Users_Club VALUES ('U020','C010');

-- 2. Users_Events
INSERT INTO Users_Events VALUES ('U001','E001');
INSERT INTO Users_Events VALUES ('U002','E002');
INSERT INTO Users_Events VALUES ('U003','E003');
INSERT INTO Users_Events VALUES ('U004','E004');
INSERT INTO Users_Events VALUES ('U005','E005');
INSERT INTO Users_Events VALUES ('U006','E006');
INSERT INTO Users_Events VALUES ('U007','E007');
INSERT INTO Users_Events VALUES ('U008','E008');
INSERT INTO Users_Events VALUES ('U009','E009');
INSERT INTO Users_Events VALUES ('U010','E010');
INSERT INTO Users_Events VALUES ('U011','E001');
INSERT INTO Users_Events VALUES ('U012','E002');
INSERT INTO Users_Events VALUES ('U013','E003');
INSERT INTO Users_Events VALUES ('U014','E004');
INSERT INTO Users_Events VALUES ('U015','E005');
INSERT INTO Users_Events VALUES ('U016','E006');
INSERT INTO Users_Events VALUES ('U017','E007');
INSERT INTO Users_Events VALUES ('U018','E008');
INSERT INTO Users_Events VALUES ('U019','E009');
INSERT INTO Users_Events VALUES ('U020','E010');

-- 3. Rider_ClubActivity
INSERT INTO Rider_ClubActivity VALUES ('RID001','A001');
INSERT INTO Rider_ClubActivity VALUES ('RID002','A002');
INSERT INTO Rider_ClubActivity VALUES ('RID003','A003');
INSERT INTO Rider_ClubActivity VALUES ('RID004','A004');
INSERT INTO Rider_ClubActivity VALUES ('RID005','A005');
INSERT INTO Rider_ClubActivity VALUES ('RID006','A006');
INSERT INTO Rider_ClubActivity VALUES ('RID007','A007');
INSERT INTO Rider_ClubActivity VALUES ('RID008','A008');
INSERT INTO Rider_ClubActivity VALUES ('RID009','A009');
INSERT INTO Rider_ClubActivity VALUES ('RID010','A010');

-- 4. ClubMembership_ClubActivity
INSERT INTO ClubMembership_ClubActivity VALUES ('CM001','A001');
INSERT INTO ClubMembership_ClubActivity VALUES ('CM002','A002');
INSERT INTO ClubMembership_ClubActivity VALUES ('CM003','A003');
INSERT INTO ClubMembership_ClubActivity VALUES ('CM004','A004');
INSERT INTO ClubMembership_ClubActivity VALUES ('CM005','A005');
INSERT INTO ClubMembership_ClubActivity VALUES ('CM006','A006');
INSERT INTO ClubMembership_ClubActivity VALUES ('CM007','A007');
INSERT INTO ClubMembership_ClubActivity VALUES ('CM008','A008');
INSERT INTO ClubMembership_ClubActivity VALUES ('CM009','A009');
INSERT INTO ClubMembership_ClubActivity VALUES ('CM010','A010');

-- 5. ClubActivity_LoyaltyReward
INSERT INTO ClubActivity_LoyaltyReward VALUES ('A001','LR001');
INSERT INTO ClubActivity_LoyaltyReward VALUES ('A002','LR002');
INSERT INTO ClubActivity_LoyaltyReward VALUES ('A003','LR003');
INSERT INTO ClubActivity_LoyaltyReward VALUES ('A004','LR004');
INSERT INTO ClubActivity_LoyaltyReward VALUES ('A005','LR005');
INSERT INTO ClubActivity_LoyaltyReward VALUES ('A006','LR006');
INSERT INTO ClubActivity_LoyaltyReward VALUES ('A007','LR007');
INSERT INTO ClubActivity_LoyaltyReward VALUES ('A008','LR008');
INSERT INTO ClubActivity_LoyaltyReward VALUES ('A009','LR009');
INSERT INTO ClubActivity_LoyaltyReward VALUES ('A010','LR010');

-- 6. ServiceRecord_Motorcycle
INSERT INTO ServiceRecord_Motorcycle VALUES ('SR001','M001');
INSERT INTO ServiceRecord_Motorcycle VALUES ('SR002','M002');
INSERT INTO ServiceRecord_Motorcycle VALUES ('SR003','M003');
INSERT INTO ServiceRecord_Motorcycle VALUES ('SR004','M004');
INSERT INTO ServiceRecord_Motorcycle VALUES ('SR005','M005');
INSERT INTO ServiceRecord_Motorcycle VALUES ('SR006','M006');
INSERT INTO ServiceRecord_Motorcycle VALUES ('SR007','M007');
INSERT INTO ServiceRecord_Motorcycle VALUES ('SR008','M008');
INSERT INTO ServiceRecord_Motorcycle VALUES ('SR009','M009');
INSERT INTO ServiceRecord_Motorcycle VALUES ('SR010','M010');

-- 7. Users_ServiceCenter
INSERT INTO Users_ServiceCenter VALUES ('U001','SC001');
INSERT INTO Users_ServiceCenter VALUES ('U002','SC002');
INSERT INTO Users_ServiceCenter VALUES ('U003','SC003');
INSERT INTO Users_ServiceCenter VALUES ('U004','SC004');
INSERT INTO Users_ServiceCenter VALUES ('U005','SC005');
INSERT INTO Users_ServiceCenter VALUES ('U006','SC006');
INSERT INTO Users_ServiceCenter VALUES ('U007','SC007');
INSERT INTO Users_ServiceCenter VALUES ('U008','SC008');
INSERT INTO Users_ServiceCenter VALUES ('U009','SC009');
INSERT INTO Users_ServiceCenter VALUES ('U010','SC010');
INSERT INTO Users_ServiceCenter VALUES ('U011','SC001');
INSERT INTO Users_ServiceCenter VALUES ('U012','SC002');
INSERT INTO Users_ServiceCenter VALUES ('U013','SC003');
INSERT INTO Users_ServiceCenter VALUES ('U014','SC004');
INSERT INTO Users_ServiceCenter VALUES ('U015','SC005');
INSERT INTO Users_ServiceCenter VALUES ('U016','SC006');
INSERT INTO Users_ServiceCenter VALUES ('U017','SC007');
INSERT INTO Users_ServiceCenter VALUES ('U018','SC008');
INSERT INTO Users_ServiceCenter VALUES ('U019','SC009');
INSERT INTO Users_ServiceCenter VALUES ('U020','SC010');

-- 8. Motorcycle_ServiceCenter
INSERT INTO Motorcycle_ServiceCenter VALUES ('M001', 'SC001');
INSERT INTO Motorcycle_ServiceCenter VALUES ('M002', 'SC002');
INSERT INTO Motorcycle_ServiceCenter VALUES ('M003', 'SC003');
INSERT INTO Motorcycle_ServiceCenter VALUES ('M004', 'SC004');
INSERT INTO Motorcycle_ServiceCenter VALUES ('M005', 'SC005');
INSERT INTO Motorcycle_ServiceCenter VALUES ('M006', 'SC006');
INSERT INTO Motorcycle_ServiceCenter VALUES ('M007', 'SC007');
INSERT INTO Motorcycle_ServiceCenter VALUES ('M008', 'SC008');
INSERT INTO Motorcycle_ServiceCenter VALUES ('M009', 'SC009');
INSERT INTO Motorcycle_ServiceCenter VALUES ('M010', 'SC010');